<?xml version="1.0" encoding="UTF-8"?>
<project-private xmlns="http://www.netbeans.org/ns/project-private/1">
    <editor-bookmarks xmlns="http://www.netbeans.org/ns/editor-bookmarks/2" lastBookmarkId="0"/>
    <open-files xmlns="http://www.netbeans.org/ns/projectui-open-files/2">
        <group>
            <file>file:/D:/CODING/PBO/LatihanKuis/LatihanKuis/src/latihankuis/Division.java</file>
            <file>file:/D:/CODING/PBO/LatihanKuis/LatihanKuis/src/latihankuis/Android.java</file>
            <file>file:/D:/CODING/PBO/LatihanKuis/LatihanKuis/src/latihankuis/Interface/Division.java</file>
            <file>file:/D:/CODING/PBO/LatihanKuis/LatihanKuis/src/latihankuis/WebBack.java</file>
            <file>file:/D:/CODING/PBO/LatihanKuis/LatihanKuis/src/latihankuis/WebFront.java</file>
            <file>file:/D:/CODING/PBO/LatihanKuis/LatihanKuis/src/latihankuis/Mahasiswa.java</file>
            <file>file:/D:/CODING/PBO/LatihanKuis/LatihanKuis/src/latihankuis/Main.java</file>
        </group>
    </open-files>
</project-private>
